<?xml version="1.0" encoding="utf-8" standalone="yes"?><Session xmlns="http://schemas.business-integrity.com/dealbuilder/2006/answers"><Variable Name="contractreference" Relevant="false"><Value>2012-MAINB-001448</Value></Variable><Variable Name="mscom"><Value>false</Value></Variable><Variable Name="filetype"><Value>.docx</Value></Variable><Variable Name="languageall"><Value>English</Value></Variable><Variable Name="__requestdigest" Relevant="false"><Value>0x05D30BAA19C48EB8E30B65C1B035EA262349E466029968D326093F00A8A481888CE1379EF67600DCD4E37B3D25CCEC1EF68C6B576A4E5B82364D1302957EE914,21 Dec 2012 01:03:23 -0000</Value></Variable><Variable Name="__eventvalidation" Relevant="false"><Value>/wEWAgKO29ipCALb4IumDL+uCp29ypbNqczmR0I7gANRBNg3</Value></Variable><Variable Name="ctl00$placeholdermain$hfcespcontractreference" Relevant="false"><Value>2012-MAINB-001448</Value></Variable><Variable Name="canadaavail"><Value>true</Value></Variable><Variable Name="canadafrench"><Value>true</Value></Variable><Variable Name="fileformat"><Value>true</Value></Variable><Variable Name="softwaretype"><Value>Free, Standalone Software</Value></Variable><Variable Name="productname"><Value>Lync 2013 for iPhone
Microsoft Lync 2013 for iPad</Value></Variable><Variable Name="numberofcopies"><Value>One copy</Value></Variable><Variable Name="maxcopies" Relevant="false"><Value>None of the above</Value></Variable><Variable Name="othermaxcopies" Relevant="false"><Value>5</Value></Variable><Variable Name="productversion"><Value>2013</Value></Variable><Variable Name="versionvisible"><Value>false</Value></Variable><Variable Name="channel"><Value>Retail</Value></Variable><Variable Name="standaloneuseright"><Value>On the user's device(s)</Value></Variable><Variable Name="mediaelementstemplates"><Value>false</Value></Variable><Variable Name="distributablecode"><Value>false</Value></Variable><Variable Name="internalreassignment"><Value>true</Value></Variable><Variable Name="licensetransfer"><Value>false</Value></Variable><Variable Name="othermicrosoftprograms"><Value>false</Value></Variable><Variable Name="prereleasecode"><Value>false</Value></Variable><Variable Name="thirdpartyprograms"><Value>true</Value></Variable><Variable Name="benchmarking"><Value>false</Value></Variable><Variable Name="mpeg"><Value>false</Value></Variable><Variable Name="internetbasedservices"><Value>true</Value></Variable><Variable Name="internetbasedservicesterms"><Value>false</Value></Variable><Variable Name="internetbasedservicesinteractive"><Value>true</Value></Variable><Variable Name="__eventtarget" Known="false" Relevant="false"/><Variable Name="__eventargument" Known="false" Relevant="false"/><Variable Name="launchdivaction" Known="false" Relevant="false"/><Variable Name="__spdummytext1" Known="false" Relevant="false"/><Variable Name="__spdummytext2" Known="false" Relevant="false"/><Variable Name="originator"><Value>REDMOND\katiejac</Value></Variable><Parameter Name="db_display_all_comments"><Value>false</Value></Parameter><Parameter Name="db_show_summary"><Value>disabled</Value></Parameter><Parameter Name="db_template_form"><Value>5f36c30c-31ff-46fe-8bd8-1ec8df72b116</Value></Parameter><Parameter Name="db_template_reference"><Value>USETERMS_MAINB</Value></Parameter><Parameter Name="db_template_version"><Value>20120816</Value></Parameter><Parameter Name="db_transaction_external_label"><Value>2012-MAINB-001448</Value></Parameter><Parameter Name="db_transaction_id"><Value>7458</Value></Parameter><Parameter Name="db_visited_pages"><Value>1</Value><Value>2</Value><Value>3</Value><Value>4</Value><Value>6</Value><Value>7</Value></Parameter></Session>