[{
  "device": {
    "mostRecentData": {
      "carrierName": "Reliance Jio",
      "playStoreClientVersion": 81531400,
      "manufacturer": "Xiaomi",
      "modelName": "POCO F1",
      "deviceName": "beryllium",
      "productName": "beryllium",
      "retailBrand": "Xiaomi",
      "totalMemoryBytes": "5907685376",
      "nativePlatform": ["arm64-v8a", "armeabi-v7a", "armeabi"],
      "deviceIpCountry": "IN",
      "userLocale": "en_IN",
      "buildFingerprint": "Xiaomi/beryllium/beryllium:9/PKQ1.180729.001/V10.3.4.0.PEJMIXM:user/release-keys",
      "androidSdkVersion": "28"
    },
    "deviceRegistrationTime": "2018-11-22T05:19:33.963Z",
    "userAddedOnDeviceTime": "2019-06-26T12:06:02.598Z",
    "lastTimeDeviceActive": "2019-06-28T04:08:00.221135Z"
  }
}]